archivo_hoy,archivo_nuevo
accesorio-apple~apple~2-magic-mouse-black.jpg,AT-0011-BLA.jpg
accesorio-apple~apple~2-magic-mouse-white.jpg,AT-0011-WHI.jpg
accesorio-apple~apple~2-magic-trackpad-black.jpg,AT-0012-BLA.jpg
accesorio-apple~apple~air-ipad-keyboard-m3-m4-magic~11in-tecladoen-black.jpg,AT-0005-BLA.jpg
accesorio-apple~apple~air-ipad-keyboard-m3-m4-magic~13in-tecladoen-black.jpg,AT-0006-BLA.jpg
accesorio-apple~apple~airtag-x1.jpg,AT-0002.jpg
accesorio-apple~apple~folio-ipad-keyboard-magic~gen10-tecladoen-white.jpg,AT-0004-WHI.jpg
accesorio-apple~apple~ipad-keyboard-m4-m5-magic-pro~11in-tecladoen-black.jpg,AT-0009-BLA.jpg
accesorio-apple~apple~ipad-keyboard-m4-m5-magic-pro~13in-tecladoen-black.jpg,AT-0010-BLA.jpg
accesorio-apple~apple~ipad-keyboard-m4-m5-magic-pro~13in-tecladoen-white.jpg,AT-0010-WHI.jpg
accesorio-apple~apple~pencil-pro.jpg,AT-0013.jpg
accesorio-apple~apple~pencil-usb-c.jpg,AT-0014.jpg
accesorio-camara~canon~2-5d-6d-7d-bat-bateria-car-lp-e6nh-r5-r6-smallrig-x~kit.jpg,AT-0019.jpg
accesorio-camara~canon~adapter-ef-eos-mount-r.jpg,AT-0022.jpg
accesorio-camara~canon~bateria-bg-r20-grip.jpg,AT-0017.jpg
accesorio-camara~canon~canon-el-5-flash-speedlite.jpg,AT-0020.jpg
accesorio-camara~canon~ef-630-electronic-flash.jpg,AT-0021.jpg
accesorio-camara~nikon~bateria-en-el20a-nikon.jpg,AT-0028.jpg
accesorio-camara~nikon~control-ml-l7-nikon-remoto.jpg,AT-0029.jpg
accesorio-camara~sony~bateria-bc-qz1-cargador-sony.jpg,AT-0033.jpg
accesorio-camara~sony~bateria-fz-100-rechargable-smallrig-usb-c.jpg,AT-0035.jpg
accesorio-camara~sony~bateria-np-fz100-sony.jpg,AT-0036.jpg
accesorio-camara~sony~grip-shooting-vct-sgr1.jpg,AT-0037.jpg
accesorio-drone~dji~2-avata-control-motion-rc.jpg,AT-0042.jpg
accesorio-drone~dji~2-combo-dji-drone-fly-more-neo.jpg,AT-0045.jpg
accesorio-drone~dji~2-googles.jpg,AT-0046.jpg
accesorio-drone~dji~3-acc-dji-helices-mini-pro.jpg,AT-0041.jpg
accesorio-drone~dji~3s-air-combo-dji-drone-fly-more-rc2.jpg,AT-0043.jpg
accesorio-drone~dji~acc-control-dji-rc-screen-w.jpg,AT-0039.jpg
accesorio-gaming~logitech~g29-logitech-pc-ps4-ps5-volante.jpg,AT-0047.jpg
accesorio-gaming~logitech~g923-logitech-pc-volante-xbox.jpg,AT-0048.jpg
accesorio-gaming~microsoft~joystick-s-usb-c-x-xbox-black.jpg,AT-0050-BLA.jpg
accesorio-gaming~microsoft~joystick-s-x-xbox-black.jpg,AT-0049-BLA.jpg
accesorio-gaming~sony~consultar-joystick-ps5.jpg,AT-0051.jpg
accesorio-gaming~sony~edicion-especial-joystick-ps5-astrobot.jpg,AT-0052-AST.jpg
accesorio-gaming~sony~edicion-especial-joystick-ps5-remix-green.jpg,AT-0052-REG.jpg
accesorio-gaming~sony~edicion-especial-joystick-ps5-rhythm-blue.jpg,AT-0052-RHB.jpg
accesorio-gaming~sony~edicion-especial-joystick-ps5-techno-red.jpg,AT-0052-TER.jpg
accesorio-gaming~sony~ps5-vr2.jpg,AT-0053.jpg
auriculares~apple~4-airpods.jpg,AT-0054.jpg
auriculares~apple~airpods-max-usb-c-blue.jpg,AT-0057-BLU.jpg
auriculares~apple~airpods-max-usb-c~gen2-midnight.jpg,AT-0056-MID.jpg
auriculares~apple~airpods-max-usb-c~gen2-purple.jpg,AT-0056-PUR.jpg
auriculares~apple~airpods-max-usb-c~gen2-starlight.jpg,AT-0056-STA.jpg
auriculares~apple~airpods-pro~gen3.jpg,AT-0058.jpg
auriculares~apple~earpods-lightning.jpg,AT-0059.jpg
auriculares~apple~earpods-usb-c.jpg,AT-0060.jpg
auriculares~samsung~3-buds-galaxy-white.jpg,AT-0063-WHI.jpg
camara-de-accion~gopro~1-8k-go-mission-pro-sensor.jpg,AT-0198.jpg
camara-de-accion~gopro~12-bundle-go-hero-pro-special.jpg,AT-0196.jpg
camara-de-accion~gopro~13-go-hero-pro.jpg,AT-0197.jpg
camara~canon~18-150-eos-r10~kit.jpg,AT-0143.jpg
camara~canon~18-45-55-210-eos-r100~kit.jpg,AT-0145.jpg
camara~canon~24-105-4-7.1-eos-f-is-rp-stm~kit.jpg,AT-0155.jpg
camara~canon~5d-eos-iv-mark~body.jpg,AT-0141.jpg
camara~canon~c-cinema-eos-r5.jpg,AT-0148.jpg
camara~canon~eos-iii-mark-r6~body.jpg,AT-0151.jpg
camara~canon~eos-r10~body.jpg,AT-0144.jpg
camara~canon~eos-r1~body.jpg,AT-0142.jpg
camara~canon~eos-r5~body.jpg,AT-0147.jpg
camara~canon~eos-r6-v-video~body.jpg,AT-0153.jpg
camara~canon~eos-rp~body.jpg,AT-0156.jpg
camara~nikon~16-50-50-250-ii-vr-z30~kit.jpg,AT-0161.jpg
camara~nikon~16-50-mm-z30~kit.jpg,AT-0160.jpg
camara~nikon~24-120-z8~kit.jpg,AT-0169.jpg
camara~nikon~24-120mm-iii-z6~kit-tecladoen.jpg,AT-0166.jpg
camara~nikon~6k-cinema-zr.jpg,AT-0170.jpg
camara~nikon~ii-z7~body-tecladoes.jpg,AT-0167.jpg
camara~nikon~iii-z6~body-tecladoen.jpg,AT-0165.jpg
camara~nikon~z8~body.jpg,AT-0168.jpg
camara~sony~1-alfa-ii~body.jpg,AT-0171.jpg
camara~sony~16-50-6400-alfa-ii~kit.jpg,AT-0172.jpg
camara~sony~7-alfa-iii~body.jpg,AT-0174-BLA.jpg
camara~sony~7c-alfa~body.jpg,AT-0179.jpg
camara~sony~7cr-alfa~body.jpg,AT-0180-BLA.jpg
camara~sony~7r-alfa-iii~body.jpg,AT-0181.jpg
camara~sony~7r-alfa-iv~body.jpg,AT-0182-BLA.jpg
camara~sony~7s-alfa-iii~body.jpg,AT-0185-BLA.jpg
camara~sony~fx2~body.jpg,AT-0188.jpg
camara~sony~fx30~body.jpg,AT-0190.jpg
camara~sony~fx3~body.jpg,AT-0189.jpg
camara~sony~ii-zv-e10~body-white.jpg,AT-0192-WHI.jpg
celular~apple~15-iphone~128gb-black.jpg,AT-0065-BLA.jpg
celular~apple~15-iphone~128gb-blue.jpg,AT-0065-BLU.jpg
celular~apple~16-iphone~128gb-black.jpg,AT-0067-BLA.jpg
celular~apple~16-iphone~128gb-teal.jpg,AT-0067-TEA.jpg
celular~apple~16-iphone~128gb-ultramarine.jpg,AT-0067-ULT.jpg
celular~apple~16-iphone~128gb-white.jpg,AT-0067-WHI.jpg
celular~apple~17-iphone-max-pro~1tb-esim-blue.jpg,AT-0074-BLU.jpg
celular~apple~17-iphone-max-pro~1tb-esim-orange.jpg,AT-0074-ORA.jpg
celular~apple~17-iphone-max-pro~1tb-esim-silver.jpg,AT-0074-SIL.jpg
celular~apple~17-iphone-max-pro~256gb-esim-blue.jpg,AT-0075-BLU.jpg
celular~apple~17-iphone-max-pro~256gb-esim-orange.jpg,AT-0075-ORA.jpg
celular~apple~17-iphone-max-pro~256gb-esim-silver.jpg,AT-0075-SIL.jpg
celular~apple~17-iphone-pro~1tb-blue.jpg,AT-0071-BLU.jpg
celular~apple~17-iphone-pro~1tb-orange.jpg,AT-0071-ORA.jpg
celular~apple~17-iphone-pro~1tb-silver.jpg,AT-0071-SIL.jpg
celular~apple~17-iphone-pro~256gb-blue.jpg,AT-0072-BLU.jpg
celular~apple~17-iphone-pro~256gb-orange.jpg,AT-0072-ORA.jpg
celular~apple~17-iphone-pro~256gb-silver.jpg,AT-0072-SIL.jpg
celular~apple~17-iphone-pro~512gb-blue.jpg,AT-0073-BLU.jpg
celular~apple~17-iphone-pro~512gb-orange.jpg,AT-0073-ORA.jpg
celular~apple~17-iphone-pro~512gb-silver.jpg,AT-0073-SIL.jpg
celular~apple~17-iphone~256gb-black.jpg,AT-0070-BLA.jpg
celular~apple~17-iphone~256gb-blue.jpg,AT-0070-BLU.jpg
celular~apple~17-iphone~256gb-sage.jpg,AT-0070-SAG.jpg
celular~apple~17-iphone~256gb-white.jpg,AT-0070-WHI.jpg
celular~apple~17e-iphone~256gb-black.jpg,AT-0076-BLA.jpg
celular~apple~17e-iphone~256gb-pink.jpg,AT-0076-PIN.jpg
celular~apple~17e-iphone~256gb-white.jpg,AT-0076-WHI.jpg
celular~motorola~g06-power~4gb-256gb-concargador-blue.jpg,AT-0078-BLU.jpg
celular~motorola~g06-power~4gb-64gb-sincargador-laurel-oak.jpg,AT-0079-LAO.jpg
celular~motorola~g17~4gb-256gb-sincargador-pink.jpg,AT-0080-PIN.jpg
celular~samsung~a17-galaxy~8gb-256gb-black.jpg,AT-0083-BLA.jpg
celular~samsung~a17-galaxy~8gb-256gb-blue.jpg,AT-0083-BLU.jpg
celular~samsung~a17-galaxy~8gb-256gb-gray.jpg,AT-0083-GRA.jpg
celular~samsung~a27-galaxy~6gb-128gb-5g-black.jpg,AT-0084-BLA.jpg
celular~samsung~a57-galaxy~8gb-128gb-5g-gray.jpg,AT-0088-GRA.jpg
celular~samsung~fe-galaxy-s25~256gb-icyblue.jpg,AT-0090-ICY.jpg
celular~samsung~fe-galaxy-s25~256gb-jetblack.jpg,AT-0090-JEB.jpg
celular~samsung~fe-galaxy-s25~256gb-navy.jpg,AT-0090-NAV.jpg
celular~samsung~fe-galaxy-s25~512gb-icyblue.jpg,AT-0091-ICY.jpg
celular~samsung~fe-galaxy-s25~512gb-navy.jpg,AT-0091-NAV.jpg
celular~samsung~fe-galaxy-s25~512gb-white.jpg,AT-0091-WHI.jpg
celular~samsung~fe-galaxy-s26~8gb-128gb-graphite.jpg,AT-0097-GRP.jpg
celular~samsung~fe-galaxy-s26~8gb-256gb-graphite.jpg,AT-0098-GRP.jpg
celular~samsung~fe-galaxy-s26~8gb-512gb-graphite.jpg,AT-0099-GRP.jpg
celular~samsung~galaxy-plus-s26~512gb-5g-black.jpg,AT-0101-BLA.jpg
celular~samsung~galaxy-s25-ultra~12gb-256gb-5g-gray.jpg,AT-0092-GRA.jpg
celular~samsung~galaxy-s25-ultra~12gb-256gb-5g-silverblue.jpg,AT-0092-SLV.jpg
celular~samsung~galaxy-s25-ultra~12gb-256gb-5g-whitesilver.jpg,AT-0092-WHT.jpg
celular~samsung~galaxy-s25-ultra~12gb-512gb-5g-whitesilver.jpg,AT-0093-WHT.jpg
celular~samsung~galaxy-s26-ultra~16gb-1tb-5g-black.jpg,AT-0102-BLA.jpg
celular~samsung~galaxy-s26-ultra~16gb-1tb-5g-violet.jpg,AT-0102-VIO.jpg
celular~samsung~galaxy-s26-ultra~16gb-1tb-5g-white.jpg,AT-0102-WHI.jpg
celular~samsung~galaxy-s26~12gb-512gb-black.jpg,AT-0095-BLA.jpg
celular~samsung~galaxy-s26~12gb-512gb-skyblue.jpg,AT-0095-SKY.jpg
celular~samsung~galaxy-s26~12gb-512gb-violet.jpg,AT-0095-VIO.jpg
celular~samsung~galaxy-s26~12gb-512gb-white.jpg,AT-0095-WHI.jpg
celular~samsung~galaxy-s26~256gb-black.jpg,AT-0096-BLA.jpg
celular~xiaomi~13-note-redmi~6gb-128gb-black.jpg,AT-0117-BLA.jpg
celular~xiaomi~13-note-redmi~6gb-128gb-blue.jpg,AT-0117-BLU.jpg
celular~xiaomi~13-note-redmi~6gb-128gb-green.jpg,AT-0117-GRE.jpg
celular~xiaomi~15-note-plus-pro-redmi~8gb-256gb-5g-black.jpg,AT-0122-BLA.jpg
celular~xiaomi~15-note-plus-pro-redmi~8gb-256gb-5g-blue.jpg,AT-0122-BLU.jpg
celular~xiaomi~15-note-pro-redmi~12gb-512gb-black.jpg,AT-0119-BLA.jpg
celular~xiaomi~15-note-pro-redmi~12gb-512gb-purple.jpg,AT-0119-PUR.jpg
celular~xiaomi~15-note-pro-redmi~8gb-256gb-black.jpg,AT-0120-BLA.jpg
celular~xiaomi~15-note-redmi~8gb-256gb-black.jpg,AT-0118-BLA.jpg
celular~xiaomi~15c-redmi~4gb-128gb-black.jpg,AT-0116-BLA.jpg
celular~xiaomi~15c-redmi~4gb-128gb-green.jpg,AT-0116-GRE.jpg
celular~xiaomi~f6-poco-pro~12gb-256gb-black.jpg,AT-0111-BLA.jpg
celular~xiaomi~max-poco-pro-x8~12gb-256gb-5g-white.jpg,AT-0114-WHI.jpg
celular~xiaomi~poco-pro-x8~8gb-256gb-5g-green.jpg,AT-0112-GRE.jpg
celular~xiaomi~poco-pro-x8~8gb-512gb-5g-green.jpg,AT-0113-GRE.jpg
consola~meta~3-quest~512gb.jpg,AT-0123.jpg
consola~meta~3s-batman-quest~128gb.jpg,AT-0125.jpg
consola~meta~3s-batman-quest~256gb.jpg,AT-0127.jpg
consola~meta~3s-quest~128gb.jpg,AT-0124.jpg
consola~meta~3s-quest~256gb.jpg,AT-0126.jpg
consola~microsoft~digital-series-x-xbox~1tb-white.jpg,AT-0131-WHI.jpg
consola~microsoft~s-series-xbox~1tb.jpg,AT-0128.jpg
consola~microsoft~s-series-xbox~512gb.jpg,AT-0129.jpg
consola~microsoft~series-x-xbox~1tb-black.jpg,AT-0130-BLA.jpg
consola~nintendo~2-choose-one-switch.jpg,AT-0133.jpg
consola~nintendo~2-kart-mario-switch.jpg,AT-0134.jpg
consola~nintendo~2-switch.jpg,AT-0132.jpg
consola~sony~5-digital-playstation~825gb.jpg,AT-0135.jpg
consola~sony~5-fisica-playstation~1tb.jpg,AT-0136.jpg
consola~sony~5-playstation-pro~2tb.jpg,AT-0137.jpg
desktop~apple~4.5k-imac-m4-retina~24in-16gb-256gb-blue.jpg,AT-0201-BLU.jpg
desktop~apple~m4-mac-mini~16gb-256gb.jpg,AT-0202.jpg
desktop~apple~m4-mac-mini~16gb-512gb.jpg,AT-0203.jpg
desktop~apple~m4pro-mac-mini~24gb-512gb.jpg,AT-0204.jpg
drone~antigravity~360-8k-a1-antigravity-bundle-drone-explorer.jpg,AT-0205.jpg
drone~dji~2-5-combo-dji-drone-fly-mini-more-plus-pro-rc.jpg,AT-0210.jpg
drone~dji~2-5-combo-dji-drone-fly-mini-more-pro-rc.jpg,AT-0209.jpg
drone~dji~4-combo-creator-dji-drone-mavic-pro~512gb.jpg,AT-0207.jpg
drone~dji~5-dji-drone-mini-pro-rc-n3.jpg,AT-0211.jpg
drone~dji~5-dji-drone-mini-pro.jpg,AT-0208.jpg
drone~dji~avata-dji-drone-pro-solo-view.jpg,AT-0206.jpg
filmadora~sony~1incmos-4k-hxr-nx800-nxcam-sensor.jpg,AT-0221.jpg
lentes-inteligentes~ray-ban~meta-skyler-polarized-gradient-graphite.jpg,AT-0412-POGG.jpg
lentes-inteligentes~ray-ban~meta-skyler-shiny-black.jpg,AT-0412-SHB.jpg
lente~canon~1.4x-extender-rf.jpg,AT-0229.jpg
lente~canon~11l-f-rf~600-is-stm.jpg,AT-0255.jpg
lente~canon~3.5-fisheye-l-rf~7-14-f2.8-stm.jpg,AT-0256.jpg
lente~canon~4l-ef-f~16-35-is-usm.jpg,AT-0223.jpg
lente~canon~4l-f-rf~14-35-is-usm.jpg,AT-0234.jpg
lente~canon~4l-f-rf~70-200-is.jpg,AT-0258.jpg
lente~canon~5.6-ef-s~10-18-f4.5-is-stm.jpg,AT-0226.jpg
lente~canon~5.6-rf~75-300-f4.jpg,AT-0259.jpg
lente~canon~6.3-rf-s~10-18-f4.5.jpg,AT-0262.jpg
lente~canon~6.3-rf-s~18-150-f3.5-is-stm.jpg,AT-0263.jpg
lente~canon~6.3-rf~15-30-f4.5-is.jpg,AT-0235.jpg
lente~canon~6.3-rf~24-240-f4-is-usm.jpg,AT-0244.jpg
lente~canon~7-dual-rf-s~8-f4-stm.jpg,AT-0266.jpg
lente~canon~7-rf-s~55-210-f5-condcajablanca.jpg,AT-0265.jpg
lente~canon~7.1-rf~24-105-f4-is-stm.jpg,AT-0243.jpg
lente~canon~8-rf~100-400-f5.6-is-usm.jpg,AT-0231.jpg
lente~canon~box-rf~24-105-f4-is-usm.jpg,AT-0242.jpg
lente~canon~ef-ii~24-70-f2.8-usm.jpg,AT-0224.jpg
lente~canon~ef-s~24-f2.8-stm.jpg,AT-0228.jpg
lente~canon~ef~50-f1.4-usm.jpg,AT-0225.jpg
lente~canon~l-rf-vcm~35-f1.4.jpg,AT-0251.jpg
lente~canon~l-rf~28-70-f2-usm.jpg,AT-0248.jpg
lente~canon~l-rf~50-f1.2-usm.jpg,AT-0253.jpg
lente~canon~macro-rf~24-f1.8-is-stm.jpg,AT-0247.jpg
lente~canon~macro-rf~85-f2-is-stm.jpg,AT-0261.jpg
lente~canon~rf-vcm~24-f1.4.jpg,AT-0246.jpg
lente~canon~rf-z~70-200-f2.8-is-usm.jpg,AT-0257.jpg
lente~canon~rf~10-20-f4-stm.jpg,AT-0230.jpg
lente~canon~rf~16-f2.8-stm.jpg,AT-0238.jpg
lente~canon~rf~28-f2.8.jpg,AT-0250.jpg
lente~canon~rf~45-f1.2.jpg,AT-0252.jpg
lente~canon~rf~50-f1.8-stm.jpg,AT-0254.jpg
lente~canon~rf~800-f11-is-stm.jpg,AT-0260.jpg
lente~nikon~4s-f-z~24-70.jpg,AT-0280.jpg
lente~nikon~5.6-dx-pz-z~12-28-f3.5-vr.jpg,AT-0270.jpg
lente~nikon~5.6-pz-z~12-28-f3.5-vr.jpg,AT-0271.jpg
lente~nikon~6.3-dx-z~18-140-f3.5-vr.jpg,AT-0275.jpg
lente~nikon~6.3-z~180-600-f5.6.jpg,AT-0276.jpg
lente~nikon~6.3-z~24-200-f4-vr.jpg,AT-0278.jpg
lente~nikon~7.1-z~24-105-f4.jpg,AT-0277.jpg
lente~nikon~8-z~28-400-f4-vr.jpg,AT-0284.jpg
lente~nikon~af-dx-if-zoom~12-24-f4.jpg,AT-0267.jpg
lente~nikon~af-s-g~35-f1.8.jpg,AT-0268.jpg
lente~nikon~af-s-g~50-f1.8.jpg,AT-0269.jpg
lente~nikon~dx-z~24-f1.7.jpg,AT-0296.jpg
lente~nikon~ii-s-z~70-200-f2.8-vr.jpg,AT-0294.jpg
lente~nikon~ii-z~24-70-f2.8.jpg,AT-0279.jpg
lente~nikon~macro-mc-z~105-f2.8-vr.jpg,AT-0297.jpg
lente~nikon~macro-mc-z~50-f2.8.jpg,AT-0298.jpg
lente~nikon~plena-s-z~135-f1.8.jpg,AT-0272.jpg
lente~nikon~pz-z~28-135-f4.jpg,AT-0283.jpg
lente~nikon~s-z~14-30-f4.jpg,AT-0273.jpg
lente~nikon~s-z~35-f1.2.jpg,AT-0286.jpg
lente~nikon~s-z~35-f1.8.jpg,AT-0287.jpg
lente~nikon~s-z~50-f1.8.jpg,AT-0292.jpg
lente~nikon~z~17-28-f2.8.jpg,AT-0274.jpg
lente~nikon~z~24-f1.8.jpg,AT-0281.jpg
lente~nikon~z~26-f2.8.jpg,AT-0282.jpg
lente~nikon~z~28-f2.8.jpg,AT-0285.jpg
lente~nikon~z~40-f2.jpg,AT-0289.jpg
lente~nikon~z~70-180-f2.8.jpg,AT-0293.jpg
lente~nikon~z~85-f1.2.jpg,AT-0295.jpg
lente~sigma~28-105-f2.8-art-dg-dn.jpg,AT-0324.jpg
lente~sigma~6.3-contemporary~20-200-f3.5-fe.jpg,AT-0321.jpg
lente~sigma~6.3-sony-sports~150-600-f5-dg-dn.jpg,AT-0310.jpg
lente~sigma~6.3-sony-sports~60-600-f4.5.jpg,AT-0339.jpg
lente~sigma~6.7-contemporary-sony~16-300-f3.5.jpg,AT-0312.jpg
lente~sigma~canon-contemporary-dc-dn~56-f1.4.jpg,AT-0337.jpg
lente~sigma~canon-dc~50-100-f1.8-art-hsm.jpg,AT-0332.jpg
lente~sigma~canon-dg-ef~85-f1.4-art-hsm.jpg,AT-0342.jpg
lente~sigma~canon-dg~35-f1.4-art-hsm.jpg,AT-0330.jpg
lente~sigma~canon-dg~50-f1.4-art-hsm.jpg,AT-0334.jpg
lente~sigma~canon~12-24-f4-art-hsm.jpg,AT-0305.jpg
lente~sigma~canon~14-24-f2.8-hsm.jpg,AT-0309.jpg
lente~sigma~canon~18-35-f1.8-art-hsm.jpg,AT-0319.jpg
lente~sigma~cont-dc-dn~56-f1.4-fe.jpg,AT-0336.jpg
lente~sigma~contemporary-dc-dn-m-mount~16-f1.4-ef.jpg,AT-0313.jpg
lente~sigma~contemporary-dc-dn-sony~10-18-f2.8.jpg,AT-0301.jpg
lente~sigma~contemporary-dc-dn-sony~16-f1.4.jpg,AT-0315.jpg
lente~sigma~contemporary-dc-dn-sony~30-f1.4.jpg,AT-0327.jpg
lente~sigma~contemporary-sony~12-f1.4.jpg,AT-0307.jpg
lente~sigma~contemporary-sony~16-28-f2.8-dg-dn.jpg,AT-0311.jpg
lente~sigma~contemporary-sony~17-f4-dg-dn.jpg,AT-0318.jpg
lente~sigma~d-dg-ex-nikon~85-f1.4.jpg,AT-0344.jpg
lente~sigma~dc~30-f1.4-ef-art-hsm.jpg,AT-0328.jpg
lente~sigma~dg-nikon~12-24-f4-art-hsm.jpg,AT-0304.jpg
lente~sigma~dg-nikon~50-f1.4-art-hsm.jpg,AT-0335.jpg
lente~sigma~dg-sony~28-f1.4-art-hsm.jpg,AT-0326.jpg
lente~sigma~dg-sony~35-f1.4-art-hsm.jpg,AT-0331.jpg
lente~sigma~macro-sony~105-f2.8-art-dg-dn.jpg,AT-0303.jpg
lente~sigma~nikon~18-35-f1.8-hsm.jpg,AT-0320.jpg
lente~sigma~sony~14-24-f2.8-art-dg-dn.jpg,AT-0308.jpg
lente~sigma~sony~17-40-f1.8-art.jpg,AT-0317.jpg
lente~sigma~sony~24-f1.4-art.jpg,AT-0322.jpg
lente~sigma~sony~28-45-f1.8-art-dg-dn.jpg,AT-0325.jpg
lente~sigma~sony~35-f1.2-art.jpg,AT-0329.jpg
lente~sigma~sony~50-f1.4-art-dg-dn.jpg,AT-0333.jpg
lente~sigma~sony~85-f1.4-art-dg-dn.jpg,AT-0340.jpg
lente~sony~5.6-fe~100-400-f4.5-gm.jpg,AT-0347.jpg
lente~sony~5.6-fe~28-70-f3.5-condcajablanca.jpg,AT-0364.jpg
lente~sony~6.3-fe-g-oss~200-600-f5.6.jpg,AT-0356.jpg
lente~sony~6.3g-e~70-350-f4.5.jpg,AT-0345.jpg
lente~sony~8-fe-g-oss~400-800-f6.3.jpg,AT-0369.jpg
lente~sony~a-f-fe-tessar-vario~24-70.jpg,AT-0361.jpg
lente~sony~distagon-fe-t~35-f1.4.jpg,AT-0367.jpg
lente~sony~e-f-oss-pz~28-135-4g.jpg,AT-0346.jpg
lente~sony~f-fe~24-105-4g.jpg,AT-0358.jpg
lente~sony~fe-g-ii-macro-oss~70-200-f4.jpg,AT-0377.jpg
lente~sony~fe-g-macro-oss~90-f2.8.jpg,AT-0380.jpg
lente~sony~fe-g~20-f1.8.jpg,AT-0357.jpg
lente~sony~fe-ii~16-35-f2.8-gm.jpg,AT-0354.jpg
lente~sony~fe-ii~70-200-f2.8-gm.jpg,AT-0376.jpg
lente~sony~fe-ii~85-f1.4-gm.jpg,AT-0378.jpg
lente~sony~fe-oss~100-f2.8-gm.jpg,AT-0348.jpg
lente~sony~fe-planar-t~50-f1.4.jpg,AT-0373.jpg
lente~sony~fe-pz~16-35-f4.jpg,AT-0381.jpg
lente~sony~fe-za~55-f1.8.jpg,AT-0375.jpg
lente~sony~fe~12-24-f2.8-gm.jpg,AT-0349.jpg
lente~sony~fe~135-f1.8-gm.jpg,AT-0350.jpg
lente~sony~fe~14-f1.8-gm.jpg,AT-0351.jpg
lente~sony~fe~20-70-f4-gm.jpg,AT-0355.jpg
lente~sony~fe~24-70-f2.8-gm.jpg,AT-0360.jpg
lente~sony~fe~24-f1.4-gm.jpg,AT-0362.jpg
lente~sony~fe~28-70-f2-gm.jpg,AT-0363.jpg
lente~sony~fe~28-f2.jpg,AT-0365.jpg
lente~sony~fe~35-f1.4-gm.jpg,AT-0368.jpg
lente~sony~fe~50-150-f2-gm.jpg,AT-0370.jpg
lente~sony~fe~50-f1.2-gm.jpg,AT-0371.jpg
lente~sony~fe~50-f1.4-gm.jpg,AT-0372.jpg
lente~sony~fe~50-f1.8.jpg,AT-0374.jpg
lente~sony~fe~85-f1.8.jpg,AT-0379.jpg
lente~tamron~2.8~35-150-f2-fe-di-iii-vxd.jpg,AT-0402.jpg
lente~tamron~2.8~35-150-f2-nz.jpg,AT-0403.jpg
lente~tamron~5.6-sony~28-200-f2.8-di-iii-rxd.jpg,AT-0396.jpg
lente~tamron~6.3-a-sony~18-300-f3.5-di-iii-vc-vxd.jpg,AT-0392.jpg
lente~tamron~6.3-sony~50-400-f4.5-di-iii-vc-vxd.jpg,AT-0405.jpg
lente~tamron~6.3-sony~70-300-f4.5-di-iii-rxd.jpg,AT-0410.jpg
lente~tamron~6.3~70-300-f4.5-nz-di-iii-rxd.jpg,AT-0409.jpg
lente~tamron~6.7-sony~150-500-f5-di-iii-vxd.jpg,AT-0384.jpg
lente~tamron~7.1-iii-sony~28-300-f4.jpg,AT-0397.jpg
lente~tamron~a~11-20-f2.8-fe-di-iii-rxd.jpg,AT-0382.jpg
lente~tamron~canon-iii~11-20-f2.8.jpg,AT-0383.jpg
lente~tamron~di-iii-sony~17-50-f4.jpg,AT-0388.jpg
lente~tamron~iii-macro-sony~90-f2.8.jpg,AT-0411.jpg
lente~tamron~iii-sony~16-30-f2.8-g2.jpg,AT-0386.jpg
lente~tamron~iii-sony~70-180-f2.8-g2.jpg,AT-0408.jpg
lente~tamron~nikon~24-70-f2.8-g2.jpg,AT-0395.jpg
lente~tamron~sony~28-75-f2.8-di-iii-rxd.jpg,AT-0398.jpg
notebook~apple~a18-macbook-neo~13in-8gb-256gb-tecladoen-citrus.jpg,AT-0427-CIT.jpg
notebook~apple~a18-macbook-neo~13in-8gb-512gb-tecladoen-citrus.jpg,AT-0429-CIT.jpg
notebook~apple~a18-macbook-neo~13in-8gb-512gb-tecladoen-indigo.jpg,AT-0429-IND.jpg
notebook~apple~air-m5-macbook~13in-16gb-1tb-tecladoen-midnight.jpg,AT-0423-MID.jpg
notebook~apple~air-m5-macbook~13in-16gb-1tb-tecladoen-silver.jpg,AT-0423-SIL.jpg
notebook~apple~air-m5-macbook~13in-16gb-1tb-tecladoen-sky-blue.jpg,AT-0423-SKY.jpg
notebook~apple~air-m5-macbook~13in-16gb-1tb-tecladoen-starlight.jpg,AT-0423-STA.jpg
notebook~apple~air-m5-macbook~13in-24gb-1tb-tecladoen-midnight.jpg,AT-0424-MID.jpg
notebook~apple~air-m5-macbook~13in-24gb-1tb-tecladoen-silver.jpg,AT-0424-SIL.jpg
notebook~apple~air-m5-macbook~13in-24gb-1tb-tecladoen-sky-blue.jpg,AT-0424-SKY.jpg
notebook~apple~air-m5-macbook~13in-24gb-1tb-tecladoen-starlight.jpg,AT-0424-STA.jpg
notebook~apple~air-m5-macbook~15in-16gb-512gb-tecladoen-midnight.jpg,AT-0425-MID.jpg
notebook~apple~air-m5-macbook~15in-16gb-512gb-tecladoen-silver.jpg,AT-0425-SIL.jpg
notebook~apple~air-m5-macbook~15in-16gb-512gb-tecladoen-sky-blue.jpg,AT-0425-SKY.jpg
notebook~apple~air-m5-macbook~15in-16gb-512gb-tecladoen-starlight.jpg,AT-0425-STA.jpg
notebook~apple~air-m5-macbook~15in-24gb-1tb-tecladoen-sky-blue.jpg,AT-0426-SKY.jpg
notebook~apple~m4pro-macbook-pro~14in-24gb-1tb-tecladoen-silver.jpg,AT-0430-SIL.jpg
notebook~apple~m4pro-macbook-pro~14in-24gb-1tb-tecladoen-space-black.jpg,AT-0430-SPB.jpg
notebook~apple~m4pro-macbook-pro~14in-24gb-512gb-tecladoen-silver.jpg,AT-0431-SIL.jpg
notebook~apple~m5-macbook-pro~14in-16gb-1tb-tecladoen-silver.jpg,AT-0432-SIL.jpg
notebook~apple~m5-macbook-pro~14in-24gb-1tb-tecladoen-space-black.jpg,AT-0433-SPB.jpg
notebook~apple~m5max-macbook-pro~14in-36gb-2tb-tecladoen-midnight.jpg,AT-0435-MID.jpg
notebook~apple~m5max-macbook-pro~14in-36gb-2tb-tecladoen-silver.jpg,AT-0435-SIL.jpg
notebook~apple~m5max-macbook-pro~16in-36gb-2tb-tecladoen-silver.jpg,AT-0436-SIL.jpg
notebook~apple~m5max-macbook-pro~16in-48gb-2tb-tecladoen-silver.jpg,AT-0437-SIL.jpg
notebook~apple~m5max-macbook-pro~16in-48gb-2tb-tecladoen-space-black.jpg,AT-0437-SPB.jpg
notebook~apple~m5pro-macbook-pro~14in-24gb-1tb-tecladoen-silver.jpg,AT-0439-SIL.jpg
notebook~apple~m5pro-macbook-pro~14in-24gb-2tb-tecladoen-space-black.jpg,AT-0440-SPB.jpg
notebook~apple~m5pro-macbook-pro~16in-24gb-1tb-tecladoen-space-black.jpg,AT-0441-SPB.jpg
notebook~apple~m5pro-macbook-pro~16in-48gb-1tb-tecladoen-space-black.jpg,AT-0442-SPB.jpg
parlante~jbl~6-charge-camo.jpg,AT-0443-CAM.jpg
smartwatch~apple~11-series-watch~42mm-sm-gps-jet-black.jpg,AT-0448-JEB.jpg
smartwatch~apple~11-series-watch~42mm-sm-gps-rose-gold.jpg,AT-0448-ROG.jpg
smartwatch~apple~11-series-watch~42mm-sm-gps-silver.jpg,AT-0448-SIL.jpg
smartwatch~apple~11-series-watch~42mm-sm-gps-space-gray.jpg,AT-0448-SPG.jpg
smartwatch~apple~11-series-watch~46mm-ml-gps-jet-black.jpg,AT-0449-JEB.jpg
smartwatch~apple~11-series-watch~46mm-ml-gps-rose-gold.jpg,AT-0449-ROG.jpg
smartwatch~apple~11-series-watch~46mm-ml-gps-silver.jpg,AT-0449-SIL.jpg
smartwatch~apple~11-series-watch~46mm-ml-gps-space-gray.jpg,AT-0449-SPG.jpg
smartwatch~apple~3-se-watch~40mm-sm-gps-starlight.jpg,AT-0446-STA.jpg
smartwatch~apple~3-se-watch~44mm-ml-gps-starlight.jpg,AT-0447-STA.jpg
smartwatch~apple~3-ultra-watch~49mm-l-natural.jpg,AT-0451-NAT.jpg
smartwatch~apple~3-ultra-watch~49mm-m-black.jpg,AT-0450-BLA.jpg
smartwatch~apple~se-watch~gen2-40mm-ml-gps-midnight.jpg,AT-0444-MID.jpg
smartwatch~apple~se-watch~gen2-44mm-sl-gps-midnight.jpg,AT-0445-MID.jpg
smartwatch~garmin~2-epix-gen-pro~42mm-blanco.jpg,AT-0453-WHI.jpg
smartwatch~garmin~2s-instinct-solar-grafito.jpg,AT-0455-GRP.jpg
smartwatch~garmin~approach-s70~42mm-black-ceramic-black-peach.jpg,AT-0452-X01.jpg
tablet~apple~11-a16-ipad~512gb-blue.jpg,AT-0460-BLU.jpg
tablet~apple~a16-ipad~11in-128gb-blue.jpg,AT-0461-BLU.jpg
tablet~apple~a16-ipad~11in-128gb-silver.jpg,AT-0461-SIL.jpg
tablet~apple~a16-ipad~11in-256gb-blue.jpg,AT-0462-BLU.jpg
tablet~apple~a16-ipad~11in-256gb-yellow.jpg,AT-0462-YEL.jpg
tablet~apple~air-ipad-m4~11in-128gb-blue.jpg,AT-0463-BLU.jpg
tablet~apple~air-ipad-m4~11in-128gb-purple.jpg,AT-0463-PUR.jpg
tablet~apple~air-ipad-m4~11in-128gb-space-gray.jpg,AT-0463-SPG.jpg
tablet~apple~air-ipad-m4~11in-128gb-starlight.jpg,AT-0463-STA.jpg
tablet~apple~air-ipad-m4~11in-256gb-blue.jpg,AT-0464-BLU.jpg
tablet~apple~air-ipad-m4~11in-256gb-space-gray.jpg,AT-0464-SPG.jpg
tablet~apple~air-ipad-m4~11in-256gb-starlight.jpg,AT-0464-STA.jpg
tablet~apple~air-ipad-m4~11in-512gb-space-gray.jpg,AT-0465-SPG.jpg
tablet~apple~air-ipad-m4~13in-128gb-blue.jpg,AT-0467-BLU.jpg
tablet~apple~air-ipad-m4~13in-128gb-space-gray.jpg,AT-0467-SPG.jpg
tablet~apple~air-ipad-m4~13in-128gb-starlight.jpg,AT-0467-STA.jpg
tablet~apple~air-ipad-m4~13in-256gb-blue.jpg,AT-0468-BLU.jpg
tablet~apple~air-ipad-m4~13in-256gb-space-gray.jpg,AT-0468-SPG.jpg
tablet~apple~air-ipad-m4~13in-256gb-starlight.jpg,AT-0468-STA.jpg
tablet~apple~ipad-m4-pro~11in-256gb-space-black.jpg,AT-0471-SPB.jpg
tablet~apple~ipad-m4-pro~11in-2tb-space-black.jpg,AT-0472-SPB.jpg
tablet~apple~ipad-m4-pro~11in-512gb.jpg,AT-0473.jpg
tablet~apple~ipad-m4-pro~13in-256gb-silver.jpg,AT-0477-SIL.jpg
tablet~apple~ipad-m5-pro~11in-256gb-silver.jpg,AT-0474-SIL.jpg
tablet~apple~ipad-m5-pro~11in-256gb-space-black.jpg,AT-0474-SPB.jpg
tablet~apple~ipad-m5-pro~11in-512gb-space-black.jpg,AT-0475-SPB.jpg
tablet~apple~ipad-m5-pro~13in-256gb-silver.jpg,AT-0478-SIL.jpg
tablet~apple~ipad-m5-pro~13in-256gb-space-black.jpg,AT-0478-SPB.jpg
tablet~apple~ipad-m5-pro~13in-512gb-space-black.jpg,AT-0479-SPB.jpg
tablet~apple~ipad-mini~gen7-128gb-space-gray.jpg,AT-0469-SPG.jpg
tablet~apple~ipad-mini~gen7-256gb-space-gray.jpg,AT-0470-SPG.jpg
tablet~samsung~fe-galaxy-pencil-s10-tab~8gb-128gb-gray.jpg,AT-0489-GRA.jpg
